-- Generated by Craft v1.0.2278 on Jul 6, 2013 4:39:44 PM.

--
-- Disable foreign key checks and autocommit and start a transaction.
--

SET FOREIGN_KEY_CHECKS = 0;
SET SQL_MODE = "NO_AUTO_VALUE_ON_ZERO";
SET AUTOCOMMIT = 0;
SET NAMES utf8;
START TRANSACTION;

/*!40101 SET @OLD_CHARACTER_SET_CLIENT=@@CHARACTER_SET_CLIENT */;
/*!40101 SET @OLD_CHARACTER_SET_RESULTS=@@CHARACTER_SET_RESULTS */;
/*!40101 SET @OLD_COLLATION_CONNECTION=@@COLLATION_CONNECTION */;
/*!40101 SET NAMES utf8 */;

--
-- Schema for table `craft_assetfiles`
--

DROP TABLE IF EXISTS `craft_assetfiles`;

CREATE TABLE `craft_assetfiles` (
  `id` int(11) NOT NULL,
  `sourceId` int(11) NOT NULL,
  `folderId` int(11) NOT NULL,
  `filename` varchar(255) COLLATE utf8_unicode_ci NOT NULL,
  `kind` char(10) COLLATE utf8_unicode_ci DEFAULT NULL,
  `width` smallint(6) unsigned DEFAULT NULL,
  `height` smallint(6) unsigned DEFAULT NULL,
  `size` int(11) unsigned DEFAULT NULL,
  `dateModified` datetime DEFAULT NULL,
  `dateCreated` datetime NOT NULL,
  `dateUpdated` datetime NOT NULL,
  `uid` char(36) COLLATE utf8_unicode_ci NOT NULL DEFAULT '0',
  PRIMARY KEY (`id`),
  UNIQUE KEY `craft_assetfiles_filename_folderId_unq_idx` (`filename`,`folderId`),
  KEY `craft_assetfiles_sourceId_fk` (`sourceId`),
  KEY `craft_assetfiles_folderId_fk` (`folderId`)
) ENGINE=InnoDB DEFAULT CHARSET=utf8 COLLATE=utf8_unicode_ci;

--
-- Schema for table `craft_assetfolders`
--

DROP TABLE IF EXISTS `craft_assetfolders`;

CREATE TABLE `craft_assetfolders` (
  `id` int(11) NOT NULL AUTO_INCREMENT,
  `parentId` int(11) DEFAULT NULL,
  `sourceId` int(11) NOT NULL,
  `name` varchar(255) COLLATE utf8_unicode_ci NOT NULL,
  `fullPath` varchar(255) COLLATE utf8_unicode_ci DEFAULT NULL,
  `dateCreated` datetime NOT NULL,
  `dateUpdated` datetime NOT NULL,
  `uid` char(36) COLLATE utf8_unicode_ci NOT NULL DEFAULT '0',
  PRIMARY KEY (`id`),
  UNIQUE KEY `craft_assetfolders_name_parentId_sourceId_unq_idx` (`name`,`parentId`,`sourceId`),
  KEY `craft_assetfolders_parentId_fk` (`parentId`),
  KEY `craft_assetfolders_sourceId_fk` (`sourceId`)
) ENGINE=InnoDB DEFAULT CHARSET=utf8 COLLATE=utf8_unicode_ci;

--
-- Schema for table `craft_assetindexdata`
--

DROP TABLE IF EXISTS `craft_assetindexdata`;

CREATE TABLE `craft_assetindexdata` (
  `id` int(11) NOT NULL AUTO_INCREMENT,
  `sessionId` varchar(36) COLLATE utf8_unicode_ci NOT NULL DEFAULT '',
  `sourceId` int(10) NOT NULL,
  `offset` int(10) NOT NULL,
  `uri` varchar(255) COLLATE utf8_unicode_ci DEFAULT NULL,
  `size` int(10) DEFAULT NULL,
  `recordId` int(10) DEFAULT NULL,
  `dateCreated` datetime NOT NULL,
  `dateUpdated` datetime NOT NULL,
  `uid` char(36) COLLATE utf8_unicode_ci NOT NULL DEFAULT '0',
  PRIMARY KEY (`id`),
  UNIQUE KEY `craft_assetindexdata_sessionId_sourceId_offset_unq_idx` (`sessionId`,`sourceId`,`offset`),
  KEY `craft_assetindexdata_sourceId_fk` (`sourceId`)
) ENGINE=InnoDB DEFAULT CHARSET=utf8 COLLATE=utf8_unicode_ci;

--
-- Schema for table `craft_assetsources`
--

DROP TABLE IF EXISTS `craft_assetsources`;

CREATE TABLE `craft_assetsources` (
  `id` int(11) NOT NULL AUTO_INCREMENT,
  `name` varchar(100) COLLATE utf8_unicode_ci NOT NULL,
  `type` char(150) COLLATE utf8_unicode_ci NOT NULL,
  `settings` text COLLATE utf8_unicode_ci,
  `sortOrder` tinyint(4) DEFAULT NULL,
  `dateCreated` datetime NOT NULL,
  `dateUpdated` datetime NOT NULL,
  `uid` char(36) COLLATE utf8_unicode_ci NOT NULL DEFAULT '0',
  PRIMARY KEY (`id`),
  UNIQUE KEY `craft_assetsources_name_unq_idx` (`name`)
) ENGINE=InnoDB DEFAULT CHARSET=utf8 COLLATE=utf8_unicode_ci;

--
-- Schema for table `craft_assettransformindex`
--

DROP TABLE IF EXISTS `craft_assettransformindex`;

CREATE TABLE `craft_assettransformindex` (
  `id` int(11) NOT NULL AUTO_INCREMENT,
  `fileId` int(11) NOT NULL,
  `location` varchar(255) COLLATE utf8_unicode_ci NOT NULL,
  `sourceId` int(11) NOT NULL,
  `fileExists` tinyint(1) DEFAULT NULL,
  `inProgress` tinyint(1) DEFAULT NULL,
  `dateIndexed` datetime DEFAULT NULL,
  `dateCreated` datetime NOT NULL,
  `dateUpdated` datetime NOT NULL,
  `uid` char(36) COLLATE utf8_unicode_ci NOT NULL DEFAULT '0',
  PRIMARY KEY (`id`),
  KEY `craft_assettransformindex_sourceId_fileId_location_idx` (`sourceId`,`fileId`,`location`)
) ENGINE=InnoDB DEFAULT CHARSET=utf8 COLLATE=utf8_unicode_ci;

--
-- Schema for table `craft_assettransforms`
--

DROP TABLE IF EXISTS `craft_assettransforms`;

CREATE TABLE `craft_assettransforms` (
  `id` int(11) NOT NULL AUTO_INCREMENT,
  `name` varchar(255) COLLATE utf8_unicode_ci NOT NULL,
  `handle` varchar(255) COLLATE utf8_unicode_ci NOT NULL,
  `mode` enum('stretch','fit','crop') COLLATE utf8_unicode_ci NOT NULL DEFAULT 'crop',
  `position` enum('top-left','top-center','top-right','center-left','center-center','center-right','bottom-left','bottom-center','bottom-right') COLLATE utf8_unicode_ci NOT NULL DEFAULT 'center-center',
  `height` int(10) DEFAULT NULL,
  `width` int(10) DEFAULT NULL,
  `dimensionChangeTime` datetime DEFAULT NULL,
  `dateCreated` datetime NOT NULL,
  `dateUpdated` datetime NOT NULL,
  `uid` char(36) COLLATE utf8_unicode_ci NOT NULL DEFAULT '0',
  PRIMARY KEY (`id`),
  UNIQUE KEY `craft_assettransforms_name_unq_idx` (`name`),
  UNIQUE KEY `craft_assettransforms_handle_unq_idx` (`handle`)
) ENGINE=InnoDB DEFAULT CHARSET=utf8 COLLATE=utf8_unicode_ci;

--
-- Schema for table `craft_content`
--

DROP TABLE IF EXISTS `craft_content`;

CREATE TABLE `craft_content` (
  `id` int(11) NOT NULL AUTO_INCREMENT,
  `elementId` int(11) NOT NULL,
  `locale` char(12) COLLATE utf8_unicode_ci NOT NULL,
  `quote` varchar(255) COLLATE utf8_unicode_ci DEFAULT NULL,
  `intro` text COLLATE utf8_unicode_ci,
  `video` varchar(255) COLLATE utf8_unicode_ci DEFAULT NULL,
  `tagline` varchar(255) COLLATE utf8_unicode_ci DEFAULT NULL,
  `attribution` varchar(255) COLLATE utf8_unicode_ci DEFAULT NULL,
  `dateCreated` datetime NOT NULL,
  `dateUpdated` datetime NOT NULL,
  `uid` char(36) COLLATE utf8_unicode_ci NOT NULL DEFAULT '0',
  PRIMARY KEY (`id`),
  UNIQUE KEY `craft_content_elementId_locale_unq_idx` (`elementId`,`locale`),
  KEY `craft_content_locale_fk` (`locale`)
) ENGINE=InnoDB AUTO_INCREMENT=6 DEFAULT CHARSET=utf8 COLLATE=utf8_unicode_ci;

--
-- Data for table `craft_content`
--

BEGIN;
INSERT INTO `craft_content` (`id`, `elementId`, `locale`, `quote`, `intro`, `video`, `tagline`, `attribution`, `dateCreated`, `dateUpdated`, `uid`) VALUES
 ('1', '2', 'en_us', 'We are all entrepreneurs, only too few of us get to practice it.', '<p>\r\n	   Founders Films creates a series of short interviews with lorem ipsum dolor sit amet, consectetur adipiscing elit. Sed quam ante, feugiat eu mattis pretium, posuere non leo. In egestas dui ut purus volutpat faucibus.\r\n</p>', '', 'insight & inspiration for entrepreneurship', 'Muhammed Yunus', '2013-06-16 21:06:45', '2013-06-30 17:02:46', '7e849158-f5ab-4034-98b1-aec0511e37cc'),
 ('2', '6', 'en_us', 'Be the change you want to see in the world.', '<p>\r\n	 Lorem ipsum dolor sit amet, consectetur adipiscing elit. Sed quam ante, feugiat eu mattis pretium, posuere non leo. In egestas dui ut purus volutpat faucibus. Curabitur blandit rutrum ante, ut varius libero interdum non. Curabitur lobortis, justo sit amet vestibulum viverra, erat felis vestibulum tellus, elementum pharetra lectus magna sed arcu. Ut a adipiscing lacus. Class aptent taciti sociosqu ad.\r\n</p>', 'http://youtu.be/-HHxj9h7964', NULL, NULL, '2013-06-30 16:28:48', '2013-06-30 16:29:19', 'edf0b2b5-0cdc-4926-ae7d-b9d01b16a3ea'),
 ('3', '7', 'en_us', 'We can be the change.', '<p>\r\n	Lorem ipsum dolor sit amet, consectetur adipiscing elit. Sed quam ante, feugiat eu mattis pretium, posuere non leo. In egestas dui ut purus volutpat faucibus. Curabitur blandit rutrum ante, ut varius libero interdum non. Curabitur lobortis, justo sit amet vestibulum viverra, erat felis vestibulum tellus, elementum pharetra lectus magna sed arcu. Ut a adipiscing lacus. Class aptent taciti sociosqu ad.\r\n</p>', 'http://youtu.be/cMkvcobd8yI', NULL, NULL, '2013-06-30 17:10:29', '2013-06-30 17:10:29', '82bf0691-5cfb-419e-b2c1-a805317424aa'),
 ('4', '8', 'en_us', 'Those who would sacrifice liberty for security deserve neither.', '<p>\r\n	Lorem ipsum dolor sit amet, consectetur adipiscing elit. Sed quam ante, feugiat eu mattis pretium, posuere non leo. In egestas dui ut purus volutpat faucibus. Curabitur blandit rutrum ante, ut varius libero interdum non. Curabitur lobortis, justo sit amet vestibulum viverra, erat felis vestibulum tellus, elementum pharetra lectus magna sed arcu. Ut a adipiscing lacus. Class aptent taciti sociosqu ad.\r\n</p>', 'http://youtu.be/GhNs9cUalYI', NULL, NULL, '2013-06-30 17:11:23', '2013-06-30 17:11:23', '7451a3e9-751c-4228-9184-888cf6d3fb88'),
 ('5', '9', 'en_us', 'I like shoes', '<p>\r\n	Lorem ipsum dolor sit amet, consectetur adipiscing elit. Sed quam ante, feugiat eu mattis pretium, posuere non leo. In egestas dui ut purus volutpat faucibus. Curabitur blandit rutrum ante, ut varius libero interdum non. Curabitur lobortis, justo sit amet vestibulum viverra, erat felis vestibulum tellus, elementum pharetra lectus magna sed arcu. Ut a adipiscing lacus. Class aptent taciti sociosqu ad.\r\n</p>', 'http://youtu.be/ffDZxNcRgwk', NULL, NULL, '2013-06-30 17:12:00', '2013-06-30 17:12:00', '56ccb0e1-e7e4-41b8-bf69-fc9bcd7dec27');
COMMIT;


--
-- Schema for table `craft_elements`
--

DROP TABLE IF EXISTS `craft_elements`;

CREATE TABLE `craft_elements` (
  `id` int(11) NOT NULL AUTO_INCREMENT,
  `type` char(150) COLLATE utf8_unicode_ci NOT NULL,
  `enabled` tinyint(1) unsigned NOT NULL DEFAULT '1',
  `archived` tinyint(1) unsigned NOT NULL DEFAULT '0',
  `dateCreated` datetime NOT NULL,
  `dateUpdated` datetime NOT NULL,
  `uid` char(36) COLLATE utf8_unicode_ci NOT NULL DEFAULT '0',
  PRIMARY KEY (`id`),
  KEY `craft_elements_type_idx` (`type`),
  KEY `craft_elements_enabled_idx` (`enabled`),
  KEY `craft_elements_archived_idx` (`archived`)
) ENGINE=InnoDB AUTO_INCREMENT=10 DEFAULT CHARSET=utf8 COLLATE=utf8_unicode_ci;

--
-- Data for table `craft_elements`
--

BEGIN;
INSERT INTO `craft_elements` (`id`, `type`, `enabled`, `archived`, `dateCreated`, `dateUpdated`, `uid`) VALUES
 ('1', 'User', '1', '0', '2013-06-16 21:06:44', '2013-06-16 21:06:44', '3a0ce58e-37ab-4780-b0e6-d92fb833e7ee'),
 ('2', 'GlobalSet', '1', '0', '2013-06-16 21:06:45', '2013-06-17 04:10:50', 'dd776d99-0ffa-4fd4-bfc3-c1be8f2eee74'),
 ('4', 'GlobalSet', '1', '0', '2013-06-16 22:49:02', '2013-06-16 22:49:02', 'f7bbc1b7-5b57-4c32-b152-b95ee85327c3'),
 ('5', 'GlobalSet', '1', '0', '2013-06-16 22:49:21', '2013-06-16 22:49:21', '1ed2c34f-c88f-4034-bf5a-b4b25bfa7dd5'),
 ('6', 'Entry', '1', '0', '2013-06-30 16:28:48', '2013-06-30 16:29:19', 'a96041ee-3336-4e9e-bb2c-04f598b17894'),
 ('7', 'Entry', '1', '0', '2013-06-30 17:10:29', '2013-06-30 17:10:29', '4d65c87a-b7c1-473e-9605-641d93d2be58'),
 ('8', 'Entry', '1', '0', '2013-06-30 17:11:23', '2013-06-30 17:11:23', '2e8e5318-d56e-4468-93bd-7ccc58e5cd09'),
 ('9', 'Entry', '1', '0', '2013-06-30 17:12:00', '2013-06-30 17:12:00', '88549829-74db-40bb-9f31-e484d41d3cea');
COMMIT;


--
-- Schema for table `craft_elements_i18n`
--

DROP TABLE IF EXISTS `craft_elements_i18n`;

CREATE TABLE `craft_elements_i18n` (
  `id` int(11) NOT NULL AUTO_INCREMENT,
  `elementId` int(11) NOT NULL,
  `locale` char(12) COLLATE utf8_unicode_ci NOT NULL,
  `uri` varchar(255) COLLATE utf8_unicode_ci DEFAULT NULL,
  `dateCreated` datetime NOT NULL,
  `dateUpdated` datetime NOT NULL,
  `uid` char(36) COLLATE utf8_unicode_ci NOT NULL DEFAULT '0',
  PRIMARY KEY (`id`),
  UNIQUE KEY `craft_elements_i18n_elementId_locale_unq_idx` (`elementId`,`locale`),
  UNIQUE KEY `craft_elements_i18n_uri_locale_unq_idx` (`uri`,`locale`),
  KEY `craft_elements_i18n_locale_fk` (`locale`)
) ENGINE=InnoDB AUTO_INCREMENT=5 DEFAULT CHARSET=utf8 COLLATE=utf8_unicode_ci;

--
-- Data for table `craft_elements_i18n`
--

BEGIN;
INSERT INTO `craft_elements_i18n` (`id`, `elementId`, `locale`, `uri`, `dateCreated`, `dateUpdated`, `uid`) VALUES
 ('1', '6', 'en_us', 'series/ryan-sysko', '2013-06-30 16:28:48', '2013-06-30 16:30:21', '449d3b5e-1a25-448f-ae80-b5636b2388a9'),
 ('2', '7', 'en_us', 'series/john-moore', '2013-06-30 17:10:29', '2013-06-30 17:10:29', '57d6c728-dd87-4805-b57d-fb71b2d56692'),
 ('3', '8', 'en_us', 'series/richard-vague', '2013-06-30 17:11:23', '2013-06-30 17:11:23', '20486e8d-9312-4fe3-94fb-ccf0d77da1da'),
 ('4', '9', 'en_us', 'series/mandy-cabot', '2013-06-30 17:12:00', '2013-06-30 17:12:00', 'be12ad28-7a84-4678-ba25-a7032314c513');
COMMIT;


--
-- Schema for table `craft_emailmessages`
--

DROP TABLE IF EXISTS `craft_emailmessages`;

CREATE TABLE `craft_emailmessages` (
  `id` int(11) NOT NULL AUTO_INCREMENT,
  `key` char(150) COLLATE utf8_unicode_ci NOT NULL,
  `locale` char(12) COLLATE utf8_unicode_ci NOT NULL,
  `subject` varchar(1000) COLLATE utf8_unicode_ci NOT NULL,
  `body` text COLLATE utf8_unicode_ci NOT NULL,
  `dateCreated` datetime NOT NULL,
  `dateUpdated` datetime NOT NULL,
  `uid` char(36) COLLATE utf8_unicode_ci NOT NULL DEFAULT '0',
  PRIMARY KEY (`id`),
  UNIQUE KEY `craft_emailmessages_key_locale_unq_idx` (`key`,`locale`)
) ENGINE=InnoDB DEFAULT CHARSET=utf8 COLLATE=utf8_unicode_ci;

--
-- Schema for table `craft_entries`
--

DROP TABLE IF EXISTS `craft_entries`;

CREATE TABLE `craft_entries` (
  `id` int(11) NOT NULL,
  `sectionId` int(11) NOT NULL,
  `authorId` int(11) NOT NULL,
  `postDate` datetime DEFAULT NULL,
  `expiryDate` datetime DEFAULT NULL,
  `dateCreated` datetime NOT NULL,
  `dateUpdated` datetime NOT NULL,
  `uid` char(36) COLLATE utf8_unicode_ci NOT NULL DEFAULT '0',
  PRIMARY KEY (`id`),
  KEY `craft_entries_sectionId_idx` (`sectionId`),
  KEY `craft_entries_postDate_idx` (`postDate`),
  KEY `craft_entries_expiryDate_idx` (`expiryDate`),
  KEY `craft_entries_authorId_fk` (`authorId`)
) ENGINE=InnoDB DEFAULT CHARSET=utf8 COLLATE=utf8_unicode_ci;

--
-- Data for table `craft_entries`
--

BEGIN;
INSERT INTO `craft_entries` (`id`, `sectionId`, `authorId`, `postDate`, `expiryDate`, `dateCreated`, `dateUpdated`, `uid`) VALUES
 ('6', '1', '1', '2013-02-14 17:28:00', NULL, '2013-06-30 16:28:48', '2013-06-30 16:29:19', '542dd78d-aafd-414f-8755-28cb568b78a7'),
 ('7', '1', '1', '2013-06-30 17:10:29', NULL, '2013-06-30 17:10:29', '2013-06-30 17:10:29', 'ff13dcd3-04e8-4201-894a-ce85178feb7c'),
 ('8', '1', '1', '2013-06-30 17:11:23', NULL, '2013-06-30 17:11:23', '2013-06-30 17:11:23', '7a4d9169-f232-4e5c-bb8f-7c25949bef22'),
 ('9', '1', '1', '2013-06-30 17:12:00', NULL, '2013-06-30 17:12:00', '2013-06-30 17:12:00', 'eefebb56-86df-4d6c-b5c4-7fee3eb33a31');
COMMIT;


--
-- Schema for table `craft_entries_i18n`
--

DROP TABLE IF EXISTS `craft_entries_i18n`;

CREATE TABLE `craft_entries_i18n` (
  `id` int(11) NOT NULL AUTO_INCREMENT,
  `entryId` int(11) NOT NULL,
  `sectionId` int(11) NOT NULL,
  `locale` char(12) COLLATE utf8_unicode_ci NOT NULL,
  `title` varchar(255) COLLATE utf8_unicode_ci NOT NULL,
  `slug` varchar(255) COLLATE utf8_unicode_ci NOT NULL,
  `dateCreated` datetime NOT NULL,
  `dateUpdated` datetime NOT NULL,
  `uid` char(36) COLLATE utf8_unicode_ci NOT NULL DEFAULT '0',
  PRIMARY KEY (`id`),
  UNIQUE KEY `craft_entries_i18n_entryId_locale_unq_idx` (`entryId`,`locale`),
  UNIQUE KEY `craft_entries_i18n_slug_sectionId_locale_unq_idx` (`slug`,`sectionId`,`locale`),
  KEY `craft_entries_i18n_title_idx` (`title`),
  KEY `craft_entries_i18n_sectionId_fk` (`sectionId`),
  KEY `craft_entries_i18n_locale_fk` (`locale`)
) ENGINE=InnoDB AUTO_INCREMENT=5 DEFAULT CHARSET=utf8 COLLATE=utf8_unicode_ci;

--
-- Data for table `craft_entries_i18n`
--

BEGIN;
INSERT INTO `craft_entries_i18n` (`id`, `entryId`, `sectionId`, `locale`, `title`, `slug`, `dateCreated`, `dateUpdated`, `uid`) VALUES
 ('1', '6', '1', 'en_us', 'Ryan Sysko', 'ryan-sysko', '2013-06-30 16:28:48', '2013-06-30 16:29:19', '2775480e-ab52-4db9-b902-2364adc95502'),
 ('2', '7', '1', 'en_us', 'John Moore', 'john-moore', '2013-06-30 17:10:29', '2013-06-30 17:10:29', 'd76d0fa1-98a5-4959-8641-53d002a7a790'),
 ('3', '8', '1', 'en_us', 'Richard Vague', 'richard-vague', '2013-06-30 17:11:23', '2013-06-30 17:11:23', 'f68523be-ad9c-4707-923d-38a80b5c9079'),
 ('4', '9', '1', 'en_us', 'Mandy Cabot', 'mandy-cabot', '2013-06-30 17:12:00', '2013-06-30 17:12:00', 'ca9c1ba6-ff30-4bf8-93c5-d0bc5c47b9d1');
COMMIT;


--
-- Schema for table `craft_entrydrafts`
--

DROP TABLE IF EXISTS `craft_entrydrafts`;

CREATE TABLE `craft_entrydrafts` (
  `id` int(11) NOT NULL AUTO_INCREMENT,
  `entryId` int(11) NOT NULL,
  `sectionId` int(11) NOT NULL,
  `creatorId` int(11) NOT NULL,
  `locale` char(12) COLLATE utf8_unicode_ci NOT NULL,
  `name` varchar(255) COLLATE utf8_unicode_ci DEFAULT NULL,
  `data` mediumtext COLLATE utf8_unicode_ci NOT NULL,
  `dateCreated` datetime NOT NULL,
  `dateUpdated` datetime NOT NULL,
  `uid` char(36) COLLATE utf8_unicode_ci NOT NULL DEFAULT '0',
  PRIMARY KEY (`id`),
  KEY `craft_entrydrafts_entryId_locale_idx` (`entryId`,`locale`),
  KEY `craft_entrydrafts_sectionId_fk` (`sectionId`),
  KEY `craft_entrydrafts_creatorId_fk` (`creatorId`),
  KEY `craft_entrydrafts_locale_fk` (`locale`)
) ENGINE=InnoDB DEFAULT CHARSET=utf8 COLLATE=utf8_unicode_ci;

--
-- Schema for table `craft_entrytags`
--

DROP TABLE IF EXISTS `craft_entrytags`;

CREATE TABLE `craft_entrytags` (
  `id` int(11) NOT NULL AUTO_INCREMENT,
  `name` varchar(100) COLLATE utf8_unicode_ci NOT NULL,
  `count` int(10) NOT NULL,
  `dateCreated` datetime NOT NULL,
  `dateUpdated` datetime NOT NULL,
  `uid` char(36) COLLATE utf8_unicode_ci NOT NULL DEFAULT '0',
  PRIMARY KEY (`id`),
  UNIQUE KEY `craft_entrytags_name_unq_idx` (`name`)
) ENGINE=InnoDB DEFAULT CHARSET=utf8 COLLATE=utf8_unicode_ci;

--
-- Schema for table `craft_entrytags_entries`
--

DROP TABLE IF EXISTS `craft_entrytags_entries`;

CREATE TABLE `craft_entrytags_entries` (
  `id` int(11) NOT NULL AUTO_INCREMENT,
  `tagId` int(11) NOT NULL,
  `entryId` int(11) NOT NULL,
  `dateCreated` datetime NOT NULL,
  `dateUpdated` datetime NOT NULL,
  `uid` char(36) COLLATE utf8_unicode_ci NOT NULL DEFAULT '0',
  PRIMARY KEY (`id`),
  KEY `craft_entrytags_entries_tagId_fk` (`tagId`),
  KEY `craft_entrytags_entries_entryId_fk` (`entryId`)
) ENGINE=InnoDB DEFAULT CHARSET=utf8 COLLATE=utf8_unicode_ci;

--
-- Schema for table `craft_entryversions`
--

DROP TABLE IF EXISTS `craft_entryversions`;

CREATE TABLE `craft_entryversions` (
  `id` int(11) NOT NULL AUTO_INCREMENT,
  `entryId` int(11) NOT NULL,
  `sectionId` int(11) NOT NULL,
  `creatorId` int(11) NOT NULL,
  `locale` char(12) COLLATE utf8_unicode_ci NOT NULL,
  `notes` tinytext COLLATE utf8_unicode_ci,
  `data` mediumtext COLLATE utf8_unicode_ci NOT NULL,
  `dateCreated` datetime NOT NULL,
  `dateUpdated` datetime NOT NULL,
  `uid` char(36) COLLATE utf8_unicode_ci NOT NULL DEFAULT '0',
  PRIMARY KEY (`id`),
  KEY `craft_entryversions_entryId_locale_idx` (`entryId`,`locale`),
  KEY `craft_entryversions_sectionId_fk` (`sectionId`),
  KEY `craft_entryversions_creatorId_fk` (`creatorId`),
  KEY `craft_entryversions_locale_fk` (`locale`)
) ENGINE=InnoDB DEFAULT CHARSET=utf8 COLLATE=utf8_unicode_ci;

--
-- Schema for table `craft_fieldgroups`
--

DROP TABLE IF EXISTS `craft_fieldgroups`;

CREATE TABLE `craft_fieldgroups` (
  `id` int(11) NOT NULL AUTO_INCREMENT,
  `name` varchar(100) COLLATE utf8_unicode_ci NOT NULL,
  `dateCreated` datetime NOT NULL,
  `dateUpdated` datetime NOT NULL,
  `uid` char(36) COLLATE utf8_unicode_ci NOT NULL DEFAULT '0',
  PRIMARY KEY (`id`),
  UNIQUE KEY `craft_fieldgroups_name_unq_idx` (`name`)
) ENGINE=InnoDB AUTO_INCREMENT=3 DEFAULT CHARSET=utf8 COLLATE=utf8_unicode_ci;

--
-- Data for table `craft_fieldgroups`
--

BEGIN;
INSERT INTO `craft_fieldgroups` (`id`, `name`, `dateCreated`, `dateUpdated`, `uid`) VALUES
 ('1', 'Default', '2013-06-16 21:06:45', '2013-06-16 21:06:45', '8a6c333b-6629-417b-9d90-baca94edf722'),
 ('2', 'Home', '2013-06-17 03:56:48', '2013-06-17 03:56:48', 'dcd84acc-952c-4c40-8f07-35a1a37f58ab');
COMMIT;


--
-- Schema for table `craft_fieldlayoutfields`
--

DROP TABLE IF EXISTS `craft_fieldlayoutfields`;

CREATE TABLE `craft_fieldlayoutfields` (
  `id` int(11) NOT NULL AUTO_INCREMENT,
  `layoutId` int(11) NOT NULL,
  `tabId` int(11) DEFAULT NULL,
  `fieldId` int(11) NOT NULL,
  `required` tinyint(1) unsigned NOT NULL DEFAULT '0',
  `sortOrder` tinyint(4) DEFAULT NULL,
  `dateCreated` datetime NOT NULL,
  `dateUpdated` datetime NOT NULL,
  `uid` char(36) COLLATE utf8_unicode_ci NOT NULL DEFAULT '0',
  PRIMARY KEY (`id`),
  UNIQUE KEY `craft_fieldlayoutfields_layoutId_fieldId_unq_idx` (`layoutId`,`fieldId`),
  KEY `craft_fieldlayoutfields_sortOrder_idx` (`sortOrder`),
  KEY `craft_fieldlayoutfields_tabId_fk` (`tabId`),
  KEY `craft_fieldlayoutfields_fieldId_fk` (`fieldId`)
) ENGINE=InnoDB AUTO_INCREMENT=34 DEFAULT CHARSET=utf8 COLLATE=utf8_unicode_ci;

--
-- Data for table `craft_fieldlayoutfields`
--

BEGIN;
INSERT INTO `craft_fieldlayoutfields` (`id`, `layoutId`, `tabId`, `fieldId`, `required`, `sortOrder`, `dateCreated`, `dateUpdated`, `uid`) VALUES
 ('20', '12', NULL, '5', '0', '1', '2013-06-17 04:10:50', '2013-06-17 04:10:50', 'fed9128f-51ad-4966-a9da-59ac8997cb50'),
 ('21', '12', NULL, '4', '0', '2', '2013-06-17 04:10:50', '2013-06-17 04:10:50', 'c4868c46-6874-432a-896f-9e5b9e1ac740'),
 ('22', '12', NULL, '1', '0', '3', '2013-06-17 04:10:50', '2013-06-17 04:10:50', 'd60557f6-c1ff-4514-b200-76e16818ff5d'),
 ('23', '12', NULL, '6', '0', '4', '2013-06-17 04:10:50', '2013-06-17 04:10:50', '07151f1a-304b-4895-a840-3b029f9b17c5'),
 ('24', '12', NULL, '2', '0', '5', '2013-06-17 04:10:50', '2013-06-17 04:10:50', 'c7df17ff-ad17-45f3-95cb-e42926f6a4ca'),
 ('31', '15', '8', '4', '0', '1', '2013-06-30 16:30:35', '2013-06-30 16:30:35', 'fc13bba6-0ffa-4eb3-9881-632dbd466126'),
 ('32', '15', '8', '1', '0', '2', '2013-06-30 16:30:35', '2013-06-30 16:30:35', '2b9eee98-2478-456f-addd-af9e983f16d8'),
 ('33', '15', '8', '2', '1', '3', '2013-06-30 16:30:35', '2013-06-30 16:30:35', 'c94a9ca9-10b3-43e6-bae2-5973b16d33c0');
COMMIT;


--
-- Schema for table `craft_fieldlayouts`
--

DROP TABLE IF EXISTS `craft_fieldlayouts`;

CREATE TABLE `craft_fieldlayouts` (
  `id` int(11) NOT NULL AUTO_INCREMENT,
  `type` char(150) COLLATE utf8_unicode_ci NOT NULL,
  `dateCreated` datetime NOT NULL,
  `dateUpdated` datetime NOT NULL,
  `uid` char(36) COLLATE utf8_unicode_ci NOT NULL DEFAULT '0',
  PRIMARY KEY (`id`),
  KEY `craft_fieldlayouts_type_idx` (`type`)
) ENGINE=InnoDB AUTO_INCREMENT=16 DEFAULT CHARSET=utf8 COLLATE=utf8_unicode_ci;

--
-- Data for table `craft_fieldlayouts`
--

BEGIN;
INSERT INTO `craft_fieldlayouts` (`id`, `type`, `dateCreated`, `dateUpdated`, `uid`) VALUES
 ('6', 'GlobalSet', '2013-06-16 22:49:02', '2013-06-16 22:49:02', 'adcfd289-9fe6-4a5f-b498-e6724cd9d427'),
 ('7', 'GlobalSet', '2013-06-16 22:49:21', '2013-06-16 22:49:21', 'f31b41b4-8f7c-42df-a86b-4e2209b41aee'),
 ('12', 'GlobalSet', '2013-06-17 04:10:50', '2013-06-17 04:10:50', '7c163729-bde4-49b6-8bd8-84c6dba385bd'),
 ('15', 'Entry', '2013-06-30 16:30:35', '2013-06-30 16:30:35', 'ecb47449-ff2c-4eef-85d9-dc2461127127');
COMMIT;


--
-- Schema for table `craft_fieldlayouttabs`
--

DROP TABLE IF EXISTS `craft_fieldlayouttabs`;

CREATE TABLE `craft_fieldlayouttabs` (
  `id` int(11) NOT NULL AUTO_INCREMENT,
  `layoutId` int(11) NOT NULL,
  `name` varchar(100) COLLATE utf8_unicode_ci DEFAULT NULL,
  `sortOrder` tinyint(4) DEFAULT NULL,
  `dateCreated` datetime NOT NULL,
  `dateUpdated` datetime NOT NULL,
  `uid` char(36) COLLATE utf8_unicode_ci NOT NULL DEFAULT '0',
  PRIMARY KEY (`id`),
  KEY `craft_fieldlayouttabs_sortOrder_idx` (`sortOrder`),
  KEY `craft_fieldlayouttabs_layoutId_fk` (`layoutId`)
) ENGINE=InnoDB AUTO_INCREMENT=9 DEFAULT CHARSET=utf8 COLLATE=utf8_unicode_ci;

--
-- Data for table `craft_fieldlayouttabs`
--

BEGIN;
INSERT INTO `craft_fieldlayouttabs` (`id`, `layoutId`, `name`, `sortOrder`, `dateCreated`, `dateUpdated`, `uid`) VALUES
 ('8', '15', 'Content', '1', '2013-06-30 16:30:35', '2013-06-30 16:30:35', '536dda23-fc89-45de-b8e8-52941857edf5');
COMMIT;


--
-- Schema for table `craft_fields`
--

DROP TABLE IF EXISTS `craft_fields`;

CREATE TABLE `craft_fields` (
  `id` int(11) NOT NULL AUTO_INCREMENT,
  `groupId` int(11) DEFAULT NULL,
  `name` varchar(100) COLLATE utf8_unicode_ci NOT NULL,
  `handle` char(64) COLLATE utf8_unicode_ci NOT NULL,
  `instructions` text COLLATE utf8_unicode_ci,
  `translatable` tinyint(1) unsigned NOT NULL DEFAULT '0',
  `type` char(150) COLLATE utf8_unicode_ci NOT NULL,
  `settings` text COLLATE utf8_unicode_ci,
  `dateCreated` datetime NOT NULL,
  `dateUpdated` datetime NOT NULL,
  `uid` char(36) COLLATE utf8_unicode_ci NOT NULL DEFAULT '0',
  PRIMARY KEY (`id`),
  UNIQUE KEY `craft_fields_handle_unq_idx` (`handle`),
  KEY `craft_fields_groupId_fk` (`groupId`)
) ENGINE=InnoDB AUTO_INCREMENT=7 DEFAULT CHARSET=utf8 COLLATE=utf8_unicode_ci;

--
-- Data for table `craft_fields`
--

BEGIN;
INSERT INTO `craft_fields` (`id`, `groupId`, `name`, `handle`, `instructions`, `translatable`, `type`, `settings`, `dateCreated`, `dateUpdated`, `uid`) VALUES
 ('1', '1', 'Quote', 'quote', '', '0', 'PlainText', '{\"placeholder\":\"\",\"multiline\":\"\",\"initialRows\":\"4\"}', '2013-06-16 21:06:45', '2013-06-16 22:52:34', 'f4117d5a-97d0-4866-a6f5-b106703fe9ee'),
 ('2', '1', 'Intro', 'intro', '', '0', 'RichText', '{\"configFile\":\"Standard.json\",\"cleanupHtml\":\"1\"}', '2013-06-16 21:06:45', '2013-06-30 17:00:38', '9ed38cb6-d7af-4068-914f-24294a7dee5d'),
 ('4', '1', 'Video', 'video', '', '0', 'Videos_Video', NULL, '2013-06-16 23:13:58', '2013-06-16 23:14:35', 'd587f445-92f1-4735-b9e6-805fe96d1c49'),
 ('5', '2', 'Tagline', 'tagline', '', '0', 'PlainText', '{\"placeholder\":\"This is a tagline\",\"multiline\":\"\",\"initialRows\":\"4\"}', '2013-06-17 03:57:10', '2013-06-17 03:57:10', '90eecd19-f600-4359-8668-f8baeee8dc36'),
 ('6', '2', 'Quote Attribution', 'attribution', 'The speaker/author of the quote', '0', 'PlainText', '{\"placeholder\":\"\",\"multiline\":\"\",\"initialRows\":\"4\"}', '2013-06-17 04:10:30', '2013-06-17 04:10:30', '809115bf-f3fe-4ace-a7dd-0fa44f1d7559');
COMMIT;


--
-- Schema for table `craft_globalsets`
--

DROP TABLE IF EXISTS `craft_globalsets`;

CREATE TABLE `craft_globalsets` (
  `id` int(11) NOT NULL,
  `name` varchar(100) COLLATE utf8_unicode_ci NOT NULL,
  `handle` char(45) COLLATE utf8_unicode_ci NOT NULL,
  `fieldLayoutId` int(10) DEFAULT NULL,
  `dateCreated` datetime NOT NULL,
  `dateUpdated` datetime NOT NULL,
  `uid` char(36) COLLATE utf8_unicode_ci NOT NULL DEFAULT '0',
  PRIMARY KEY (`id`),
  UNIQUE KEY `craft_globalsets_name_unq_idx` (`name`),
  UNIQUE KEY `craft_globalsets_handle_unq_idx` (`handle`),
  KEY `craft_globalsets_fieldLayoutId_fk` (`fieldLayoutId`)
) ENGINE=InnoDB DEFAULT CHARSET=utf8 COLLATE=utf8_unicode_ci;

--
-- Data for table `craft_globalsets`
--

BEGIN;
INSERT INTO `craft_globalsets` (`id`, `name`, `handle`, `fieldLayoutId`, `dateCreated`, `dateUpdated`, `uid`) VALUES
 ('2', 'Homepage', 'home', '12', '2013-06-16 21:06:45', '2013-06-17 04:10:50', 'a6e1092c-200d-4318-a862-64a3f7a7af65'),
 ('4', 'Documentary', 'documentary', '6', '2013-06-16 22:49:02', '2013-06-16 22:49:02', 'b62c3799-9e24-4de6-b302-fe4940af197a'),
 ('5', 'Team', 'team', '7', '2013-06-16 22:49:21', '2013-06-16 22:49:21', 'fd6da503-18c1-472c-998e-2025c6816044');
COMMIT;


--
-- Schema for table `craft_info`
--

DROP TABLE IF EXISTS `craft_info`;

CREATE TABLE `craft_info` (
  `id` int(11) NOT NULL AUTO_INCREMENT,
  `version` char(15) COLLATE utf8_unicode_ci NOT NULL,
  `build` int(11) unsigned NOT NULL,
  `packages` varchar(200) COLLATE utf8_unicode_ci DEFAULT NULL,
  `releaseDate` datetime NOT NULL,
  `siteName` varchar(100) COLLATE utf8_unicode_ci NOT NULL,
  `siteUrl` varchar(255) COLLATE utf8_unicode_ci NOT NULL,
  `timezone` varchar(30) COLLATE utf8_unicode_ci DEFAULT NULL,
  `on` tinyint(1) unsigned NOT NULL DEFAULT '0',
  `maintenance` tinyint(1) unsigned NOT NULL DEFAULT '0',
  `track` varchar(40) COLLATE utf8_unicode_ci NOT NULL,
  `dateCreated` datetime NOT NULL,
  `dateUpdated` datetime NOT NULL,
  `uid` char(36) COLLATE utf8_unicode_ci NOT NULL DEFAULT '0',
  PRIMARY KEY (`id`)
) ENGINE=InnoDB AUTO_INCREMENT=2 DEFAULT CHARSET=utf8 COLLATE=utf8_unicode_ci;

--
-- Data for table `craft_info`
--

BEGIN;
INSERT INTO `craft_info` (`id`, `version`, `build`, `packages`, `releaseDate`, `siteName`, `siteUrl`, `timezone`, `on`, `maintenance`, `track`, `dateCreated`, `dateUpdated`, `uid`) VALUES
 ('1', '1.0', '2278', 'Rebrand', '2013-06-25 00:47:41', 'Founders Films', 'http://localhost', 'America/New_York', '1', '0', 'stable', '2013-06-16 21:06:44', '2013-06-30 02:15:25', '773b2bc8-96c4-4d02-859f-1630b68c5463');
COMMIT;


--
-- Schema for table `craft_locales`
--

DROP TABLE IF EXISTS `craft_locales`;

CREATE TABLE `craft_locales` (
  `locale` char(12) COLLATE utf8_unicode_ci NOT NULL,
  `sortOrder` tinyint(4) DEFAULT NULL,
  `dateCreated` datetime NOT NULL,
  `dateUpdated` datetime NOT NULL,
  `uid` char(36) COLLATE utf8_unicode_ci NOT NULL DEFAULT '0',
  PRIMARY KEY (`locale`)
) ENGINE=InnoDB DEFAULT CHARSET=utf8 COLLATE=utf8_unicode_ci;

--
-- Data for table `craft_locales`
--

BEGIN;
INSERT INTO `craft_locales` (`locale`, `sortOrder`, `dateCreated`, `dateUpdated`, `uid`) VALUES
 ('en_us', '1', '2013-06-16 21:06:44', '2013-06-16 21:06:44', '77b03ac4-8bea-4e29-8d0a-222c0d3a5175');
COMMIT;


--
-- Schema for table `craft_migrations`
--

DROP TABLE IF EXISTS `craft_migrations`;

CREATE TABLE `craft_migrations` (
  `id` int(11) NOT NULL AUTO_INCREMENT,
  `pluginId` int(11) DEFAULT NULL,
  `version` varchar(255) COLLATE utf8_unicode_ci NOT NULL,
  `applyTime` datetime NOT NULL,
  `dateCreated` datetime NOT NULL,
  `dateUpdated` datetime NOT NULL,
  `uid` char(36) COLLATE utf8_unicode_ci NOT NULL DEFAULT '0',
  PRIMARY KEY (`id`),
  UNIQUE KEY `craft_migrations_version_unq_idx` (`version`),
  KEY `craft_migrations_pluginId_fk` (`pluginId`)
) ENGINE=InnoDB AUTO_INCREMENT=3 DEFAULT CHARSET=utf8 COLLATE=utf8_unicode_ci;

--
-- Data for table `craft_migrations`
--

BEGIN;
INSERT INTO `craft_migrations` (`id`, `pluginId`, `version`, `applyTime`, `dateCreated`, `dateUpdated`, `uid`) VALUES
 ('1', NULL, 'm000000_000000_base', '2013-06-16 21:06:44', '2013-06-16 21:06:44', '2013-06-16 21:06:44', '6fdf71af-0f94-4f2a-96db-856944a17ebf'),
 ('2', NULL, 'm130613_000000_add_cascade_delete_to_relations', '2013-06-30 00:18:00', '2013-06-30 00:18:00', '2013-06-30 00:18:00', 'f2b041d1-4f30-473d-ad54-18b37e229e60');
COMMIT;


--
-- Schema for table `craft_plugins`
--

DROP TABLE IF EXISTS `craft_plugins`;

CREATE TABLE `craft_plugins` (
  `id` int(11) NOT NULL AUTO_INCREMENT,
  `class` char(150) COLLATE utf8_unicode_ci NOT NULL,
  `version` char(15) COLLATE utf8_unicode_ci NOT NULL,
  `enabled` tinyint(1) unsigned NOT NULL DEFAULT '0',
  `settings` text COLLATE utf8_unicode_ci,
  `installDate` datetime NOT NULL,
  `dateCreated` datetime NOT NULL,
  `dateUpdated` datetime NOT NULL,
  `uid` char(36) COLLATE utf8_unicode_ci NOT NULL DEFAULT '0',
  PRIMARY KEY (`id`)
) ENGINE=InnoDB AUTO_INCREMENT=2 DEFAULT CHARSET=utf8 COLLATE=utf8_unicode_ci;

--
-- Data for table `craft_plugins`
--

BEGIN;
INSERT INTO `craft_plugins` (`id`, `class`, `version`, `enabled`, `settings`, `installDate`, `dateCreated`, `dateUpdated`, `uid`) VALUES
 ('1', 'Videos', '0.9.2', '1', NULL, '2013-06-16 22:59:07', '2013-06-16 22:59:07', '2013-06-16 22:59:07', '455e605e-88c1-44b3-a37e-0b58b6c823d3');
COMMIT;


--
-- Schema for table `craft_rackspaceaccess`
--

DROP TABLE IF EXISTS `craft_rackspaceaccess`;

CREATE TABLE `craft_rackspaceaccess` (
  `id` int(11) NOT NULL AUTO_INCREMENT,
  `connectionKey` varchar(255) COLLATE utf8_unicode_ci NOT NULL,
  `token` varchar(255) COLLATE utf8_unicode_ci NOT NULL,
  `storageUrl` varchar(255) COLLATE utf8_unicode_ci NOT NULL,
  `cdnUrl` varchar(255) COLLATE utf8_unicode_ci NOT NULL,
  `dateCreated` datetime NOT NULL,
  `dateUpdated` datetime NOT NULL,
  `uid` char(36) COLLATE utf8_unicode_ci NOT NULL DEFAULT '0',
  PRIMARY KEY (`id`),
  UNIQUE KEY `craft_rackspaceaccess_connectionKey_unq_idx` (`connectionKey`)
) ENGINE=InnoDB DEFAULT CHARSET=utf8 COLLATE=utf8_unicode_ci;

--
-- Schema for table `craft_relations`
--

DROP TABLE IF EXISTS `craft_relations`;

CREATE TABLE `craft_relations` (
  `id` int(11) NOT NULL AUTO_INCREMENT,
  `fieldId` int(11) NOT NULL,
  `parentId` int(11) NOT NULL,
  `childId` int(11) NOT NULL,
  `sortOrder` tinyint(4) DEFAULT NULL,
  `dateCreated` datetime NOT NULL,
  `dateUpdated` datetime NOT NULL,
  `uid` char(36) COLLATE utf8_unicode_ci NOT NULL DEFAULT '0',
  PRIMARY KEY (`id`),
  UNIQUE KEY `craft_relations_fieldId_parentId_childId_unq_idx` (`fieldId`,`parentId`,`childId`),
  KEY `craft_relations_parentId_fk` (`parentId`),
  KEY `craft_relations_childId_fk` (`childId`)
) ENGINE=InnoDB DEFAULT CHARSET=utf8 COLLATE=utf8_unicode_ci;

--
-- Schema for table `craft_routes`
--

DROP TABLE IF EXISTS `craft_routes`;

CREATE TABLE `craft_routes` (
  `id` int(11) NOT NULL AUTO_INCREMENT,
  `urlParts` varchar(255) COLLATE utf8_unicode_ci NOT NULL,
  `urlPattern` varchar(255) COLLATE utf8_unicode_ci NOT NULL,
  `template` varchar(255) COLLATE utf8_unicode_ci NOT NULL,
  `sortOrder` tinyint(4) DEFAULT NULL,
  `dateCreated` datetime NOT NULL,
  `dateUpdated` datetime NOT NULL,
  `uid` char(36) COLLATE utf8_unicode_ci NOT NULL DEFAULT '0',
  PRIMARY KEY (`id`),
  UNIQUE KEY `craft_routes_urlPattern_unq_idx` (`urlPattern`)
) ENGINE=InnoDB AUTO_INCREMENT=2 DEFAULT CHARSET=utf8 COLLATE=utf8_unicode_ci;

--
-- Data for table `craft_routes`
--

BEGIN;
INSERT INTO `craft_routes` (`id`, `urlParts`, `urlPattern`, `template`, `sortOrder`, `dateCreated`, `dateUpdated`, `uid`) VALUES
 ('1', '[\"documentary\"]', 'documentary', 'documentary', '1', '2013-06-16 22:47:10', '2013-06-16 22:47:10', '0b89e46d-af17-4cd3-80ba-ed9637de3fb5');
COMMIT;


--
-- Schema for table `craft_searchindex`
--

DROP TABLE IF EXISTS `craft_searchindex`;

CREATE TABLE `craft_searchindex` (
  `elementId` int(11) NOT NULL,
  `attribute` varchar(25) COLLATE utf8_unicode_ci NOT NULL,
  `fieldId` int(11) NOT NULL,
  `locale` char(12) COLLATE utf8_unicode_ci NOT NULL,
  `keywords` text COLLATE utf8_unicode_ci NOT NULL,
  PRIMARY KEY (`elementId`,`attribute`,`fieldId`,`locale`),
  FULLTEXT KEY `craft_searchindex_keywords_idx` (`keywords`)
) ENGINE=MyISAM DEFAULT CHARSET=utf8 COLLATE=utf8_unicode_ci;

--
-- Data for table `craft_searchindex`
--

BEGIN;
INSERT INTO `craft_searchindex` (`elementId`, `attribute`, `fieldId`, `locale`, `keywords`) VALUES
 ('1', 'username', '0', 'en_us', ' foundersfilms '),
 ('1', 'email', '0', 'en_us', ' zach thekitchen co '),
 ('2', 'field', '2', 'en_us', ' founders films creates a series of short interviews with lorem ipsum dolor sit amet consectetur adipiscing elit sed quam ante feugiat eu mattis pretium posuere non leo in egestas dui ut purus volutpat faucibus '),
 ('2', 'field', '5', 'en_us', ' insight inspiration for entrepreneurship '),
 ('2', 'field', '6', 'en_us', ' muhammed yunus '),
 ('2', 'field', '1', 'en_us', ' we are all entrepreneurs only too few of us get to practice it '),
 ('3', 'title', '0', 'en_us', ' we just installed craft '),
 ('3', 'slug', '0', 'en_us', ' we just installed craft '),
 ('3', 'field', '2', 'en_us', ' craft is the cms that s powering localhost it s beautiful powerful flexible and easy to use and it s made by pixel tonic we can t wait to dive in and see what it s capable of this is even more captivating content which you couldn t see on the news index page because it was entered after a page break and the news index template only likes to show the content on the first page craft a nice alternative to word if you re making a website '),
 ('6', 'title', '0', 'en_us', ' ryan sysko '),
 ('6', 'slug', '0', 'en_us', ' ryan sysko '),
 ('6', 'field', '2', 'en_us', ' lorem ipsum dolor sit amet consectetur adipiscing elit sed quam ante feugiat eu mattis pretium posuere non leo in egestas dui ut purus volutpat faucibus curabitur blandit rutrum ante ut varius libero interdum non curabitur lobortis justo sit amet vestibulum viverra erat felis vestibulum tellus elementum pharetra lectus magna sed arcu ut a adipiscing lacus class aptent taciti sociosqu ad '),
 ('6', 'field', '1', 'en_us', ' be the change you want to see in the world '),
 ('6', 'field', '4', 'en_us', ' hhxj9h7964 ryan sysko http www welldoc com ryan sysko serves as chief executive officer of welldoc leading the company to improve chronic disease management through clinical and technological innovation sysko has extensive background in helping to launch and develop start up companies he was previously the vice president and director of marketing and business development for the credo group one of the leading direct to consumer marketers of life and health insurance products on the web while in this position sysko led efforts that resulted in tripling their operating income and helped double the company s insurance client base prior to the credo group sysko was the ceo and founder of the assurance marketing group a marketing agency located in wilmington delaware there he also focused on the direct distribution of life and health insurance products online sysko was one of 20 employees initially hired at juniper bank now a wholly owned subsidiary of barclays in addition he has served in management positions within financial services companies such as chase bank of america and conseco he received a bachelor s degree in business and economics from lafayette college in easton pennsylvania 106 foundersfilms foundersfilms http youtube com user foundersfilms foundersfilms 1353004324 03 17 https i1 ytimg com vi hhxj9h7964 mqdefault jpg https i1 ytimg com vi hhxj9h7964 hqdefault jpg https i1 ytimg com vi hhxj9h7964 default jpg https i1 ytimg com vi hhxj9h7964 mqdefault jpg https i1 ytimg com vi hhxj9h7964 hqdefault jpg https i1 ytimg com vi hhxj9h7964 sddefault jpg http youtu be hhxj9h7964 '),
 ('1', 'firstname', '0', 'en_us', ' matt '),
 ('1', 'lastname', '0', 'en_us', ' terrell '),
 ('1', 'fullname', '0', 'en_us', ' matt terrell '),
 ('7', 'title', '0', 'en_us', ' john moore '),
 ('7', 'slug', '0', 'en_us', ' john moore '),
 ('7', 'field', '2', 'en_us', ' lorem ipsum dolor sit amet consectetur adipiscing elit sed quam ante feugiat eu mattis pretium posuere non leo in egestas dui ut purus volutpat faucibus curabitur blandit rutrum ante ut varius libero interdum non curabitur lobortis justo sit amet vestibulum viverra erat felis vestibulum tellus elementum pharetra lectus magna sed arcu ut a adipiscing lacus class aptent taciti sociosqu ad '),
 ('7', 'field', '1', 'en_us', ' we can be the change '),
 ('7', 'field', '4', 'en_us', ' cmkvcobd8yi john moore http acornenergy com john moore ceo of acorn energy talks about why your idea s matters go beyond the product john a moore has been a director and chief executive officer of our company since march 2006 he also serves as a director of voltaix a leading producer of specialty gases used in the production of solar cells and semiconductors john is a trustee of the eisenhower fellowships he was previously a director of comverge and served on its ipo committee he serves on the advisory council of enertech capital a $350 million energy technology fund mr moore was formerly president and co founder of edson moore healthcare ventures a fund which acquired $150 million of biotechnology assets from elan pharmaceuticals in 2002 john was a cofounder and ceo of optimer inc a specialty materials company that was sold in 2007 to sterling capital a leveraged buyout fund with over $4 billion under management he also serves on the board of non profit leadership delaware john has invested in many different industries over the past 25 years but he has never been as excited as he is today about acorn s opportunities to help create smarter infrastructure 102 foundersfilms foundersfilms http youtube com user foundersfilms foundersfilms 1358363271 03 32 https i1 ytimg com vi cmkvcobd8yi mqdefault jpg https i1 ytimg com vi cmkvcobd8yi hqdefault jpg https i1 ytimg com vi cmkvcobd8yi default jpg https i1 ytimg com vi cmkvcobd8yi mqdefault jpg https i1 ytimg com vi cmkvcobd8yi hqdefault jpg https i1 ytimg com vi cmkvcobd8yi sddefault jpg http youtu be cmkvcobd8yi '),
 ('8', 'title', '0', 'en_us', ' richard vague '),
 ('8', 'slug', '0', 'en_us', ' richard vague '),
 ('8', 'field', '2', 'en_us', ' lorem ipsum dolor sit amet consectetur adipiscing elit sed quam ante feugiat eu mattis pretium posuere non leo in egestas dui ut purus volutpat faucibus curabitur blandit rutrum ante ut varius libero interdum non curabitur lobortis justo sit amet vestibulum viverra erat felis vestibulum tellus elementum pharetra lectus magna sed arcu ut a adipiscing lacus class aptent taciti sociosqu ad '),
 ('8', 'field', '1', 'en_us', ' those who would sacrifice liberty for security deserve neither '),
 ('8', 'field', '4', 'en_us', ' ghns9cualyi richard vague http gabriel investments com in addition to his position as one of the managing partners of gabriel investments vague is also the chairman of the governor s woods foundation a non profit philanthropic organization and the managing director of the miletos group previously he was co founder chairman and ceo of energy plus an electricity and natural gas supply company operating in states throughout the u s that was sold to nrg energy in 2011 vague was also co founder and ceo of two credit card companies first usa which grew to be the largest visa issuer in the industry and which was sold to bank one in 1997 and juniper financial the fastest growing credit card issuer of the past decade which was sold to barclays plc in 2004 vague currently serves on the penn medicine board and is on the corporate boards of heartland payment systems of princeton new jersey think direct marketing of tampa florida and goodcents corporation of atlanta georgia he is president of the philadelphia live arts and fringe festival and on the boards of the university of pennsylvania press the franklin institute the museum of the american revolution the arts and business council of greater philadelphia and friends of rittenhouse square he serves on the dean s advisory council of nyu s tisch school of the arts and the u s state department s advisory committee on international economic policy vague is also editor of the blog and email newsletter service delanceyplace com and of the website debt economics org 112 foundersfilms foundersfilms http youtube com user foundersfilms foundersfilms 1358364663 03 27 https i1 ytimg com vi ghns9cualyi mqdefault jpg https i1 ytimg com vi ghns9cualyi hqdefault jpg https i1 ytimg com vi ghns9cualyi default jpg https i1 ytimg com vi ghns9cualyi mqdefault jpg https i1 ytimg com vi ghns9cualyi hqdefault jpg https i1 ytimg com vi ghns9cualyi sddefault jpg http youtu be ghns9cualyi '),
 ('9', 'title', '0', 'en_us', ' mandy cabot '),
 ('9', 'slug', '0', 'en_us', ' mandy cabot '),
 ('9', 'field', '2', 'en_us', ' lorem ipsum dolor sit amet consectetur adipiscing elit sed quam ante feugiat eu mattis pretium posuere non leo in egestas dui ut purus volutpat faucibus curabitur blandit rutrum ante ut varius libero interdum non curabitur lobortis justo sit amet vestibulum viverra erat felis vestibulum tellus elementum pharetra lectus magna sed arcu ut a adipiscing lacus class aptent taciti sociosqu ad '),
 ('9', 'field', '1', 'en_us', ' i like shoes '),
 ('9', 'field', '4', 'en_us', ' ffdzxncrgwk mandy cabot http dansko com in 1990 mandy cabot and her husband peter kjellerup co founded dansko a leader in innovative comfort footwear since the discovery of their first product in a tiny store in denmark dansko literally translated as danish shoe now generates annual sales of over $150 million today their offering includes sandals boots heels flats healthcare apparel and many types of clogs in 2012 mandy and peter redeemed all of their shares in dansko to form a new esop employee stock ownership plan resulting in 100% employee ownership under mandy and peter s leadership dansko has joined the ranks of companies achieving the inc 500 list of fastest growing private companies and the philadelphia inquirer s top workplaces list of best places to work dansko is also the winner the paradigm award from the chester county development council the leadership award from the delaware valley green building council the triple bottom line award from the social business network of greater philadelphia and seven time winner of the footwear plus award for design excellence in women s comfort a founding b corporation dansko operates out of its leed certified headquarters in chester county pa 88 foundersfilms foundersfilms http youtube com user foundersfilms foundersfilms 1358365600 02 56 https i1 ytimg com vi ffdzxncrgwk mqdefault jpg https i1 ytimg com vi ffdzxncrgwk hqdefault jpg https i1 ytimg com vi ffdzxncrgwk default jpg https i1 ytimg com vi ffdzxncrgwk mqdefault jpg https i1 ytimg com vi ffdzxncrgwk hqdefault jpg https i1 ytimg com vi ffdzxncrgwk sddefault jpg http youtu be ffdzxncrgwk ');
COMMIT;


--
-- Schema for table `craft_sections`
--

DROP TABLE IF EXISTS `craft_sections`;

CREATE TABLE `craft_sections` (
  `id` int(11) NOT NULL AUTO_INCREMENT,
  `name` varchar(100) COLLATE utf8_unicode_ci NOT NULL,
  `handle` char(45) COLLATE utf8_unicode_ci NOT NULL,
  `titleLabel` varchar(255) COLLATE utf8_unicode_ci NOT NULL DEFAULT 'Title',
  `hasUrls` tinyint(1) unsigned NOT NULL DEFAULT '1',
  `template` varchar(500) COLLATE utf8_unicode_ci DEFAULT NULL,
  `fieldLayoutId` int(10) DEFAULT NULL,
  `dateCreated` datetime NOT NULL,
  `dateUpdated` datetime NOT NULL,
  `uid` char(36) COLLATE utf8_unicode_ci NOT NULL DEFAULT '0',
  PRIMARY KEY (`id`),
  UNIQUE KEY `craft_sections_name_unq_idx` (`name`),
  UNIQUE KEY `craft_sections_handle_unq_idx` (`handle`),
  KEY `craft_sections_fieldLayoutId_fk` (`fieldLayoutId`)
) ENGINE=InnoDB AUTO_INCREMENT=2 DEFAULT CHARSET=utf8 COLLATE=utf8_unicode_ci;

--
-- Data for table `craft_sections`
--

BEGIN;
INSERT INTO `craft_sections` (`id`, `name`, `handle`, `titleLabel`, `hasUrls`, `template`, `fieldLayoutId`, `dateCreated`, `dateUpdated`, `uid`) VALUES
 ('1', 'Series', 'series', 'Title', '1', 'series/_entry', '15', '2013-06-16 21:06:45', '2013-06-30 16:30:35', '9337de5c-68aa-4abf-96a3-068645761bcd');
COMMIT;


--
-- Schema for table `craft_sections_i18n`
--

DROP TABLE IF EXISTS `craft_sections_i18n`;

CREATE TABLE `craft_sections_i18n` (
  `id` int(11) NOT NULL AUTO_INCREMENT,
  `sectionId` int(11) NOT NULL,
  `locale` char(12) COLLATE utf8_unicode_ci NOT NULL,
  `urlFormat` varchar(255) COLLATE utf8_unicode_ci DEFAULT NULL,
  `dateCreated` datetime NOT NULL,
  `dateUpdated` datetime NOT NULL,
  `uid` char(36) COLLATE utf8_unicode_ci NOT NULL DEFAULT '0',
  PRIMARY KEY (`id`),
  UNIQUE KEY `craft_sections_i18n_sectionId_locale_unq_idx` (`sectionId`,`locale`),
  KEY `craft_sections_i18n_locale_fk` (`locale`)
) ENGINE=InnoDB AUTO_INCREMENT=2 DEFAULT CHARSET=utf8 COLLATE=utf8_unicode_ci;

--
-- Data for table `craft_sections_i18n`
--

BEGIN;
INSERT INTO `craft_sections_i18n` (`id`, `sectionId`, `locale`, `urlFormat`, `dateCreated`, `dateUpdated`, `uid`) VALUES
 ('1', '1', 'en_us', 'series/{slug}', '2013-06-16 21:06:45', '2013-06-30 16:30:20', 'e0eef419-4895-4c4f-94ba-9c2859ca77bb');
COMMIT;


--
-- Schema for table `craft_sessions`
--

DROP TABLE IF EXISTS `craft_sessions`;

CREATE TABLE `craft_sessions` (
  `id` int(11) NOT NULL AUTO_INCREMENT,
  `userId` int(11) NOT NULL,
  `token` char(100) COLLATE utf8_unicode_ci NOT NULL,
  `dateCreated` datetime NOT NULL,
  `dateUpdated` datetime NOT NULL,
  `uid` char(36) COLLATE utf8_unicode_ci NOT NULL DEFAULT '0',
  PRIMARY KEY (`id`),
  KEY `craft_sessions_uid_idx` (`uid`),
  KEY `craft_sessions_token_idx` (`token`),
  KEY `craft_sessions_dateUpdated_idx` (`dateUpdated`),
  KEY `craft_sessions_userId_fk` (`userId`)
) ENGINE=InnoDB AUTO_INCREMENT=8 DEFAULT CHARSET=utf8 COLLATE=utf8_unicode_ci;

--
-- Data for table `craft_sessions`
--

BEGIN;
INSERT INTO `craft_sessions` (`id`, `userId`, `token`, `dateCreated`, `dateUpdated`, `uid`) VALUES
 ('1', '1', '$2a$08$jcOrhWoSPeA8RbmGNC5jQORMk4D7cNl.XqSne8Rz.hTw0ERuoLL2S', '2013-06-16 21:06:45', '2013-06-16 21:06:45', 'fadb4b89-c764-48c2-94ef-0db24cce2582'),
 ('2', '1', '$2a$08$uSHC0Gxgk1PqwOad/lxu/eL5lr6uAADGeDS4.UXGa2k9qgkL/RD5e', '2013-06-17 01:11:19', '2013-06-17 01:11:19', '8935bd8e-b327-4de7-8f8c-32350372e50e'),
 ('3', '1', '$2a$08$E7Xpi5lCTYG2B9uafE8zgeNAuNbAfQqHlkAx3dSyrAe2jhAHeL9fe', '2013-06-17 03:56:12', '2013-06-17 03:56:12', 'd653b7bc-ebda-452c-b808-7cfa6251ce82'),
 ('5', '1', '$2a$08$iTT7G48972QbUPxtwgD5HOdXV2sjUarTuHnSSlA9fstkYubam25JK', '2013-06-30 00:15:53', '2013-06-30 00:15:53', '4d352533-20ec-424a-8053-6e497a9bc0ef'),
 ('7', '1', '$2a$08$O/nfVgns92CkMVD3.RT5nOdT8DsVBw6xdQ8GTLRb05/cX7vKSfCcq', '2013-06-30 02:15:45', '2013-07-06 16:37:21', '9cc33409-d830-4bb4-b565-e42c0af844ff');
COMMIT;


--
-- Schema for table `craft_shunnedmessages`
--

DROP TABLE IF EXISTS `craft_shunnedmessages`;

CREATE TABLE `craft_shunnedmessages` (
  `id` int(11) NOT NULL AUTO_INCREMENT,
  `userId` int(11) NOT NULL,
  `message` varchar(255) COLLATE utf8_unicode_ci NOT NULL,
  `expiryDate` datetime DEFAULT NULL,
  `dateCreated` datetime NOT NULL,
  `dateUpdated` datetime NOT NULL,
  `uid` char(36) COLLATE utf8_unicode_ci NOT NULL DEFAULT '0',
  PRIMARY KEY (`id`),
  UNIQUE KEY `craft_shunnedmessages_userId_message_unq_idx` (`userId`,`message`)
) ENGINE=InnoDB DEFAULT CHARSET=utf8 COLLATE=utf8_unicode_ci;

--
-- Schema for table `craft_systemsettings`
--

DROP TABLE IF EXISTS `craft_systemsettings`;

CREATE TABLE `craft_systemsettings` (
  `id` int(11) NOT NULL AUTO_INCREMENT,
  `category` varchar(15) COLLATE utf8_unicode_ci NOT NULL,
  `settings` text COLLATE utf8_unicode_ci,
  `dateCreated` datetime NOT NULL,
  `dateUpdated` datetime NOT NULL,
  `uid` char(36) COLLATE utf8_unicode_ci NOT NULL DEFAULT '0',
  PRIMARY KEY (`id`),
  UNIQUE KEY `craft_systemsettings_category_unq_idx` (`category`)
) ENGINE=InnoDB AUTO_INCREMENT=2 DEFAULT CHARSET=utf8 COLLATE=utf8_unicode_ci;

--
-- Data for table `craft_systemsettings`
--

BEGIN;
INSERT INTO `craft_systemsettings` (`id`, `category`, `settings`, `dateCreated`, `dateUpdated`, `uid`) VALUES
 ('1', 'email', '{\"protocol\":\"php\",\"emailAddress\":\"zach@thekitchen.co\",\"senderName\":\"Founders Films\"}', '2013-06-16 21:06:45', '2013-06-16 21:06:45', '268bfd26-ebf3-40b9-b9d3-6ccc81e23b65');
COMMIT;


--
-- Schema for table `craft_usergroups`
--

DROP TABLE IF EXISTS `craft_usergroups`;

CREATE TABLE `craft_usergroups` (
  `id` int(11) NOT NULL AUTO_INCREMENT,
  `name` varchar(100) COLLATE utf8_unicode_ci NOT NULL,
  `handle` char(255) COLLATE utf8_unicode_ci NOT NULL,
  `dateCreated` datetime NOT NULL,
  `dateUpdated` datetime NOT NULL,
  `uid` char(36) COLLATE utf8_unicode_ci NOT NULL DEFAULT '0',
  PRIMARY KEY (`id`)
) ENGINE=InnoDB DEFAULT CHARSET=utf8 COLLATE=utf8_unicode_ci;

--
-- Schema for table `craft_usergroups_users`
--

DROP TABLE IF EXISTS `craft_usergroups_users`;

CREATE TABLE `craft_usergroups_users` (
  `id` int(11) NOT NULL AUTO_INCREMENT,
  `groupId` int(11) NOT NULL,
  `userId` int(11) NOT NULL,
  `dateCreated` datetime NOT NULL,
  `dateUpdated` datetime NOT NULL,
  `uid` char(36) COLLATE utf8_unicode_ci NOT NULL DEFAULT '0',
  PRIMARY KEY (`id`),
  UNIQUE KEY `craft_usergroups_users_groupId_userId_unq_idx` (`groupId`,`userId`),
  KEY `craft_usergroups_users_userId_fk` (`userId`)
) ENGINE=InnoDB DEFAULT CHARSET=utf8 COLLATE=utf8_unicode_ci;

--
-- Schema for table `craft_userpermissions`
--

DROP TABLE IF EXISTS `craft_userpermissions`;

CREATE TABLE `craft_userpermissions` (
  `id` int(11) NOT NULL AUTO_INCREMENT,
  `name` varchar(100) COLLATE utf8_unicode_ci NOT NULL,
  `dateCreated` datetime NOT NULL,
  `dateUpdated` datetime NOT NULL,
  `uid` char(36) COLLATE utf8_unicode_ci NOT NULL DEFAULT '0',
  PRIMARY KEY (`id`),
  UNIQUE KEY `craft_userpermissions_name_unq_idx` (`name`)
) ENGINE=InnoDB DEFAULT CHARSET=utf8 COLLATE=utf8_unicode_ci;

--
-- Schema for table `craft_userpermissions_usergroups`
--

DROP TABLE IF EXISTS `craft_userpermissions_usergroups`;

CREATE TABLE `craft_userpermissions_usergroups` (
  `id` int(11) NOT NULL AUTO_INCREMENT,
  `permissionId` int(11) NOT NULL,
  `groupId` int(11) NOT NULL,
  `dateCreated` datetime NOT NULL,
  `dateUpdated` datetime NOT NULL,
  `uid` char(36) COLLATE utf8_unicode_ci NOT NULL DEFAULT '0',
  PRIMARY KEY (`id`),
  UNIQUE KEY `craft_userpermissions_usergroups_permissionId_groupId_unq_idx` (`permissionId`,`groupId`),
  KEY `craft_userpermissions_usergroups_groupId_fk` (`groupId`)
) ENGINE=InnoDB DEFAULT CHARSET=utf8 COLLATE=utf8_unicode_ci;

--
-- Schema for table `craft_userpermissions_users`
--

DROP TABLE IF EXISTS `craft_userpermissions_users`;

CREATE TABLE `craft_userpermissions_users` (
  `id` int(11) NOT NULL AUTO_INCREMENT,
  `permissionId` int(11) NOT NULL,
  `userId` int(11) NOT NULL,
  `dateCreated` datetime NOT NULL,
  `dateUpdated` datetime NOT NULL,
  `uid` char(36) COLLATE utf8_unicode_ci NOT NULL DEFAULT '0',
  PRIMARY KEY (`id`),
  UNIQUE KEY `craft_userpermissions_users_permissionId_userId_unq_idx` (`permissionId`,`userId`),
  KEY `craft_userpermissions_users_userId_fk` (`userId`)
) ENGINE=InnoDB DEFAULT CHARSET=utf8 COLLATE=utf8_unicode_ci;

--
-- Schema for table `craft_users`
--

DROP TABLE IF EXISTS `craft_users`;

CREATE TABLE `craft_users` (
  `id` int(11) NOT NULL,
  `username` varchar(100) COLLATE utf8_unicode_ci NOT NULL,
  `photo` varchar(50) COLLATE utf8_unicode_ci DEFAULT NULL,
  `firstName` varchar(100) COLLATE utf8_unicode_ci DEFAULT NULL,
  `lastName` varchar(100) COLLATE utf8_unicode_ci DEFAULT NULL,
  `email` varchar(255) COLLATE utf8_unicode_ci NOT NULL,
  `password` char(255) COLLATE utf8_unicode_ci DEFAULT NULL,
  `encType` char(10) COLLATE utf8_unicode_ci DEFAULT NULL,
  `preferredLocale` char(12) COLLATE utf8_unicode_ci DEFAULT NULL,
  `admin` tinyint(1) unsigned NOT NULL DEFAULT '0',
  `status` enum('locked','suspended','pending','active','archived') COLLATE utf8_unicode_ci DEFAULT 'pending',
  `lastLoginDate` datetime DEFAULT NULL,
  `lastLoginAttemptIPAddress` varchar(45) COLLATE utf8_unicode_ci DEFAULT NULL,
  `invalidLoginWindowStart` datetime DEFAULT NULL,
  `invalidLoginCount` tinyint(4) unsigned DEFAULT NULL,
  `lastInvalidLoginDate` datetime DEFAULT NULL,
  `lockoutDate` datetime DEFAULT NULL,
  `verificationCode` char(100) COLLATE utf8_unicode_ci DEFAULT NULL,
  `verificationCodeIssuedDate` datetime DEFAULT NULL,
  `passwordResetRequired` tinyint(1) unsigned NOT NULL DEFAULT '0',
  `lastPasswordChangeDate` datetime DEFAULT NULL,
  `dateCreated` datetime NOT NULL,
  `dateUpdated` datetime NOT NULL,
  `uid` char(36) COLLATE utf8_unicode_ci NOT NULL DEFAULT '0',
  PRIMARY KEY (`id`),
  UNIQUE KEY `craft_users_username_unq_idx` (`username`),
  UNIQUE KEY `craft_users_email_unq_idx` (`email`),
  KEY `craft_users_verificationCode_idx` (`verificationCode`),
  KEY `craft_users_uid_idx` (`uid`),
  KEY `craft_users_preferredLocale_fk` (`preferredLocale`)
) ENGINE=InnoDB DEFAULT CHARSET=utf8 COLLATE=utf8_unicode_ci;

--
-- Data for table `craft_users`
--

BEGIN;
INSERT INTO `craft_users` (`id`, `username`, `photo`, `firstName`, `lastName`, `email`, `password`, `encType`, `preferredLocale`, `admin`, `status`, `lastLoginDate`, `lastLoginAttemptIPAddress`, `invalidLoginWindowStart`, `invalidLoginCount`, `lastInvalidLoginDate`, `lockoutDate`, `verificationCode`, `verificationCodeIssuedDate`, `passwordResetRequired`, `lastPasswordChangeDate`, `dateCreated`, `dateUpdated`, `uid`) VALUES
 ('1', 'foundersfilms', NULL, 'Matt', 'Terrell', 'zach@thekitchen.co', '$2a$08$L70aluT75Ck0BarsvmlPzeYLCXzT.uVVml6BRcQLWz7HcUAOhpKCe', 'blowfish', NULL, '1', 'active', '2013-06-30 02:15:45', '::1', NULL, NULL, '2013-06-17 01:11:08', NULL, NULL, NULL, '0', '2013-06-17 01:12:14', '2013-06-16 21:06:44', '2013-06-30 02:15:45', 'ba3f4811-0595-41f6-ae95-984ebf770034');
COMMIT;


--
-- Schema for table `craft_videos_services`
--

DROP TABLE IF EXISTS `craft_videos_services`;

CREATE TABLE `craft_videos_services` (
  `id` int(11) NOT NULL AUTO_INCREMENT,
  `providerClass` varchar(255) COLLATE utf8_unicode_ci NOT NULL,
  `params` text COLLATE utf8_unicode_ci,
  `token` text COLLATE utf8_unicode_ci,
  `dateCreated` datetime NOT NULL,
  `dateUpdated` datetime NOT NULL,
  `uid` char(36) COLLATE utf8_unicode_ci NOT NULL DEFAULT '0',
  PRIMARY KEY (`id`),
  UNIQUE KEY `craft_videos_services_providerClass_unq_idx` (`providerClass`)
) ENGINE=InnoDB AUTO_INCREMENT=2 DEFAULT CHARSET=utf8 COLLATE=utf8_unicode_ci;

--
-- Data for table `craft_videos_services`
--

BEGIN;
INSERT INTO `craft_videos_services` (`id`, `providerClass`, `params`, `token`, `dateCreated`, `dateUpdated`, `uid`) VALUES
 ('1', 'YouTube', '{\"clientId\":\"661092105755.apps.googleusercontent.com\",\"clientSecret\":\"4KBUvQ60zAcX3nXAmFSUCwzy\",\"developerKey\":\"AI39si7dZLdAhYdTYwCwRqFi-dymmm4vVFY530QBWHuvsc4Fv9GAMmgO9JVS011LPBSes_M66gkWSBAZksVQJToG-IDtLJ0tug\"}', 'TzoyNToiT0F1dGhcT0F1dGgyXFRva2VuXEFjY2VzcyI6NDp7czoxMjoiYWNjZXNzX3Rva2VuIjtzOjUyOiJ5YTI5LkFIRVM2WlF6RTE4bFkwUTFyTl9XeHNjUlFiSkxRUTB5YUNEQXN5RTJ1N0lHbUpZIjtzOjc6ImV4cGlyZXMiO2k6MTM3MzEzMjI0NztzOjEzOiJyZWZyZXNoX3Rva2VuIjtzOjQ1OiIxL3hMcmR5UkJ5aEVrSHVDdHN3bnl0WUNTVGswZERLRDUxTFFydzliaDczVGMiO3M6MzoidWlkIjtOO30=', '2013-06-16 23:12:30', '2013-07-06 16:37:27', 'f4361618-e386-4f21-8413-55aa360e4855');
COMMIT;


--
-- Schema for table `craft_widgets`
--

DROP TABLE IF EXISTS `craft_widgets`;

CREATE TABLE `craft_widgets` (
  `id` int(11) NOT NULL AUTO_INCREMENT,
  `userId` int(11) NOT NULL,
  `type` char(150) COLLATE utf8_unicode_ci NOT NULL,
  `sortOrder` tinyint(4) DEFAULT NULL,
  `settings` text COLLATE utf8_unicode_ci,
  `enabled` tinyint(1) unsigned NOT NULL DEFAULT '1',
  `dateCreated` datetime NOT NULL,
  `dateUpdated` datetime NOT NULL,
  `uid` char(36) COLLATE utf8_unicode_ci NOT NULL DEFAULT '0',
  PRIMARY KEY (`id`),
  KEY `craft_widgets_userId_fk` (`userId`)
) ENGINE=InnoDB AUTO_INCREMENT=8 DEFAULT CHARSET=utf8 COLLATE=utf8_unicode_ci;

--
-- Data for table `craft_widgets`
--

BEGIN;
INSERT INTO `craft_widgets` (`id`, `userId`, `type`, `sortOrder`, `settings`, `enabled`, `dateCreated`, `dateUpdated`, `uid`) VALUES
 ('1', '1', 'QuickPost', '1', '{\"section\":\"1\",\"fields\":[\"4\",\"1\"]}', '0', '2013-06-16 21:06:50', '2013-06-17 01:33:40', '4d4ac73c-5ffd-4388-b41d-4f57f09530f3'),
 ('2', '1', 'RecentEntries', '2', '[]', '0', '2013-06-16 21:06:50', '2013-06-16 22:51:09', 'd2f265ab-1d43-4ab6-9c4d-81c62dec7932'),
 ('3', '1', 'Feed', '3', '{\"url\":\"http:\\/\\/feeds.feedburner.com\\/blogandtonic\",\"title\":\"Blog & Tonic\"}', '0', '2013-06-16 21:06:50', '2013-06-16 22:50:55', '216d656d-b62d-477f-8286-98ab32c59b0e'),
 ('4', '1', 'Updates', '4', '[]', '0', '2013-06-16 21:06:50', '2013-06-16 22:54:04', 'f07b218b-dca9-456c-96dd-76fbdd07e5b6'),
 ('5', '1', 'GetHelp', '5', '[]', '0', '2013-06-16 21:06:50', '2013-06-16 22:51:00', '74d96517-e7ae-4b14-b27c-39b39a98eb2f'),
 ('6', '1', 'RecentEntries', '6', '{\"limit\":\"10\"}', '1', '2013-06-17 01:33:55', '2013-06-17 01:33:55', '678a1e7e-001c-40f3-b389-667ec06a9db3'),
 ('7', '1', 'Updates', '7', NULL, '1', '2013-06-17 01:34:02', '2013-06-17 01:34:02', '099fd666-df21-4d06-a823-1e4f090eb4b6');
COMMIT;

--
-- Constraints for tables
--


--
-- Constraints for table `craft_assetfiles`
--
ALTER TABLE `craft_assetfiles`
	ADD CONSTRAINT `craft_assetfiles_folderId_fk` FOREIGN KEY (`folderId`) REFERENCES `craft_assetfolders` (`id`) ON DELETE CASCADE,
	ADD CONSTRAINT `craft_assetfiles_id_fk` FOREIGN KEY (`id`) REFERENCES `craft_elements` (`id`) ON DELETE CASCADE,
	ADD CONSTRAINT `craft_assetfiles_sourceId_fk` FOREIGN KEY (`sourceId`) REFERENCES `craft_assetsources` (`id`) ON DELETE CASCADE;

--
-- Constraints for table `craft_assetfolders`
--
ALTER TABLE `craft_assetfolders`
	ADD CONSTRAINT `craft_assetfolders_parentId_fk` FOREIGN KEY (`parentId`) REFERENCES `craft_assetfolders` (`id`) ON DELETE CASCADE,
	ADD CONSTRAINT `craft_assetfolders_sourceId_fk` FOREIGN KEY (`sourceId`) REFERENCES `craft_assetsources` (`id`) ON DELETE CASCADE;

--
-- Constraints for table `craft_assetindexdata`
--
ALTER TABLE `craft_assetindexdata`
	ADD CONSTRAINT `craft_assetindexdata_sourceId_fk` FOREIGN KEY (`sourceId`) REFERENCES `craft_assetsources` (`id`) ON DELETE CASCADE;

--
-- Constraints for table `craft_content`
--
ALTER TABLE `craft_content`
	ADD CONSTRAINT `craft_content_elementId_fk` FOREIGN KEY (`elementId`) REFERENCES `craft_elements` (`id`) ON DELETE CASCADE,
	ADD CONSTRAINT `craft_content_locale_fk` FOREIGN KEY (`locale`) REFERENCES `craft_locales` (`locale`) ON DELETE CASCADE ON UPDATE CASCADE;

--
-- Constraints for table `craft_elements_i18n`
--
ALTER TABLE `craft_elements_i18n`
	ADD CONSTRAINT `craft_elements_i18n_elementId_fk` FOREIGN KEY (`elementId`) REFERENCES `craft_elements` (`id`) ON DELETE CASCADE,
	ADD CONSTRAINT `craft_elements_i18n_locale_fk` FOREIGN KEY (`locale`) REFERENCES `craft_locales` (`locale`) ON DELETE CASCADE ON UPDATE CASCADE;

--
-- Constraints for table `craft_entries`
--
ALTER TABLE `craft_entries`
	ADD CONSTRAINT `craft_entries_authorId_fk` FOREIGN KEY (`authorId`) REFERENCES `craft_users` (`id`) ON DELETE CASCADE,
	ADD CONSTRAINT `craft_entries_id_fk` FOREIGN KEY (`id`) REFERENCES `craft_elements` (`id`) ON DELETE CASCADE,
	ADD CONSTRAINT `craft_entries_sectionId_fk` FOREIGN KEY (`sectionId`) REFERENCES `craft_sections` (`id`) ON DELETE CASCADE;

--
-- Constraints for table `craft_entries_i18n`
--
ALTER TABLE `craft_entries_i18n`
	ADD CONSTRAINT `craft_entries_i18n_entryId_fk` FOREIGN KEY (`entryId`) REFERENCES `craft_entries` (`id`) ON DELETE CASCADE,
	ADD CONSTRAINT `craft_entries_i18n_locale_fk` FOREIGN KEY (`locale`) REFERENCES `craft_locales` (`locale`) ON DELETE CASCADE ON UPDATE CASCADE,
	ADD CONSTRAINT `craft_entries_i18n_sectionId_fk` FOREIGN KEY (`sectionId`) REFERENCES `craft_sections` (`id`) ON DELETE CASCADE;

--
-- Constraints for table `craft_entrydrafts`
--
ALTER TABLE `craft_entrydrafts`
	ADD CONSTRAINT `craft_entrydrafts_creatorId_fk` FOREIGN KEY (`creatorId`) REFERENCES `craft_users` (`id`),
	ADD CONSTRAINT `craft_entrydrafts_entryId_fk` FOREIGN KEY (`entryId`) REFERENCES `craft_entries` (`id`) ON DELETE CASCADE,
	ADD CONSTRAINT `craft_entrydrafts_locale_fk` FOREIGN KEY (`locale`) REFERENCES `craft_locales` (`locale`) ON DELETE CASCADE ON UPDATE CASCADE,
	ADD CONSTRAINT `craft_entrydrafts_sectionId_fk` FOREIGN KEY (`sectionId`) REFERENCES `craft_sections` (`id`) ON DELETE CASCADE;

--
-- Constraints for table `craft_entrytags_entries`
--
ALTER TABLE `craft_entrytags_entries`
	ADD CONSTRAINT `craft_entrytags_entries_entryId_fk` FOREIGN KEY (`entryId`) REFERENCES `craft_entries` (`id`) ON DELETE CASCADE,
	ADD CONSTRAINT `craft_entrytags_entries_tagId_fk` FOREIGN KEY (`tagId`) REFERENCES `craft_entrytags` (`id`) ON DELETE CASCADE;

--
-- Constraints for table `craft_entryversions`
--
ALTER TABLE `craft_entryversions`
	ADD CONSTRAINT `craft_entryversions_creatorId_fk` FOREIGN KEY (`creatorId`) REFERENCES `craft_users` (`id`),
	ADD CONSTRAINT `craft_entryversions_entryId_fk` FOREIGN KEY (`entryId`) REFERENCES `craft_entries` (`id`) ON DELETE CASCADE,
	ADD CONSTRAINT `craft_entryversions_locale_fk` FOREIGN KEY (`locale`) REFERENCES `craft_locales` (`locale`) ON DELETE CASCADE ON UPDATE CASCADE,
	ADD CONSTRAINT `craft_entryversions_sectionId_fk` FOREIGN KEY (`sectionId`) REFERENCES `craft_sections` (`id`) ON DELETE CASCADE;

--
-- Constraints for table `craft_fieldlayoutfields`
--
ALTER TABLE `craft_fieldlayoutfields`
	ADD CONSTRAINT `craft_fieldlayoutfields_fieldId_fk` FOREIGN KEY (`fieldId`) REFERENCES `craft_fields` (`id`) ON DELETE CASCADE,
	ADD CONSTRAINT `craft_fieldlayoutfields_layoutId_fk` FOREIGN KEY (`layoutId`) REFERENCES `craft_fieldlayouts` (`id`) ON DELETE CASCADE,
	ADD CONSTRAINT `craft_fieldlayoutfields_tabId_fk` FOREIGN KEY (`tabId`) REFERENCES `craft_fieldlayouttabs` (`id`) ON DELETE CASCADE;

--
-- Constraints for table `craft_fieldlayouttabs`
--
ALTER TABLE `craft_fieldlayouttabs`
	ADD CONSTRAINT `craft_fieldlayouttabs_layoutId_fk` FOREIGN KEY (`layoutId`) REFERENCES `craft_fieldlayouts` (`id`) ON DELETE CASCADE;

--
-- Constraints for table `craft_fields`
--
ALTER TABLE `craft_fields`
	ADD CONSTRAINT `craft_fields_groupId_fk` FOREIGN KEY (`groupId`) REFERENCES `craft_fieldgroups` (`id`) ON DELETE CASCADE;

--
-- Constraints for table `craft_globalsets`
--
ALTER TABLE `craft_globalsets`
	ADD CONSTRAINT `craft_globalsets_fieldLayoutId_fk` FOREIGN KEY (`fieldLayoutId`) REFERENCES `craft_fieldlayouts` (`id`) ON DELETE SET NULL,
	ADD CONSTRAINT `craft_globalsets_id_fk` FOREIGN KEY (`id`) REFERENCES `craft_elements` (`id`) ON DELETE CASCADE;

--
-- Constraints for table `craft_migrations`
--
ALTER TABLE `craft_migrations`
	ADD CONSTRAINT `craft_migrations_pluginId_fk` FOREIGN KEY (`pluginId`) REFERENCES `craft_plugins` (`id`) ON DELETE CASCADE;

--
-- Constraints for table `craft_relations`
--
ALTER TABLE `craft_relations`
	ADD CONSTRAINT `craft_relations_childId_fk` FOREIGN KEY (`childId`) REFERENCES `craft_elements` (`id`),
	ADD CONSTRAINT `craft_relations_fieldId_fk` FOREIGN KEY (`fieldId`) REFERENCES `craft_fields` (`id`),
	ADD CONSTRAINT `craft_relations_parentId_fk` FOREIGN KEY (`parentId`) REFERENCES `craft_elements` (`id`);

--
-- Constraints for table `craft_sections`
--
ALTER TABLE `craft_sections`
	ADD CONSTRAINT `craft_sections_fieldLayoutId_fk` FOREIGN KEY (`fieldLayoutId`) REFERENCES `craft_fieldlayouts` (`id`) ON DELETE SET NULL;

--
-- Constraints for table `craft_sections_i18n`
--
ALTER TABLE `craft_sections_i18n`
	ADD CONSTRAINT `craft_sections_i18n_locale_fk` FOREIGN KEY (`locale`) REFERENCES `craft_locales` (`locale`) ON DELETE CASCADE ON UPDATE CASCADE,
	ADD CONSTRAINT `craft_sections_i18n_sectionId_fk` FOREIGN KEY (`sectionId`) REFERENCES `craft_sections` (`id`) ON DELETE CASCADE;

--
-- Constraints for table `craft_sessions`
--
ALTER TABLE `craft_sessions`
	ADD CONSTRAINT `craft_sessions_userId_fk` FOREIGN KEY (`userId`) REFERENCES `craft_users` (`id`) ON DELETE CASCADE;

--
-- Constraints for table `craft_shunnedmessages`
--
ALTER TABLE `craft_shunnedmessages`
	ADD CONSTRAINT `craft_shunnedmessages_userId_fk` FOREIGN KEY (`userId`) REFERENCES `craft_users` (`id`) ON DELETE CASCADE;

--
-- Constraints for table `craft_usergroups_users`
--
ALTER TABLE `craft_usergroups_users`
	ADD CONSTRAINT `craft_usergroups_users_groupId_fk` FOREIGN KEY (`groupId`) REFERENCES `craft_usergroups` (`id`) ON DELETE CASCADE,
	ADD CONSTRAINT `craft_usergroups_users_userId_fk` FOREIGN KEY (`userId`) REFERENCES `craft_users` (`id`) ON DELETE CASCADE;

--
-- Constraints for table `craft_userpermissions_usergroups`
--
ALTER TABLE `craft_userpermissions_usergroups`
	ADD CONSTRAINT `craft_userpermissions_usergroups_groupId_fk` FOREIGN KEY (`groupId`) REFERENCES `craft_usergroups` (`id`) ON DELETE CASCADE,
	ADD CONSTRAINT `craft_userpermissions_usergroups_permissionId_fk` FOREIGN KEY (`permissionId`) REFERENCES `craft_userpermissions` (`id`) ON DELETE CASCADE;

--
-- Constraints for table `craft_userpermissions_users`
--
ALTER TABLE `craft_userpermissions_users`
	ADD CONSTRAINT `craft_userpermissions_users_permissionId_fk` FOREIGN KEY (`permissionId`) REFERENCES `craft_userpermissions` (`id`) ON DELETE CASCADE,
	ADD CONSTRAINT `craft_userpermissions_users_userId_fk` FOREIGN KEY (`userId`) REFERENCES `craft_users` (`id`) ON DELETE CASCADE;

--
-- Constraints for table `craft_users`
--
ALTER TABLE `craft_users`
	ADD CONSTRAINT `craft_users_id_fk` FOREIGN KEY (`id`) REFERENCES `craft_elements` (`id`) ON DELETE CASCADE,
	ADD CONSTRAINT `craft_users_preferredLocale_fk` FOREIGN KEY (`preferredLocale`) REFERENCES `craft_locales` (`locale`) ON DELETE SET NULL ON UPDATE CASCADE;

--
-- Constraints for table `craft_widgets`
--
ALTER TABLE `craft_widgets`
	ADD CONSTRAINT `craft_widgets_userId_fk` FOREIGN KEY (`userId`) REFERENCES `craft_users` (`id`) ON DELETE CASCADE;

SET FOREIGN_KEY_CHECKS = 1;
COMMIT;

/*!40101 SET CHARACTER_SET_CLIENT=@OLD_CHARACTER_SET_CLIENT */;
/*!40101 SET CHARACTER_SET_RESULTS=@OLD_CHARACTER_SET_RESULTS */;
/*!40101 SET COLLATION_CONNECTION=@OLD_COLLATION_CONNECTION */;
